username,time,text,hashtags
MIRINAE,2024-08-09T02:29:35.000Z,"ğ—ğ—¼ğ—¿ğ—²ğ—®ğ—» ğ—¦ğ—¹ğ—®ğ—»ğ—´ ğŸ­ğŸ¬ğŸ­ ìŒ©ì–¼ ğ—®ğ—»ğ—± í’€ë§¤

 ìŒ©ì–¼ is short for 'ìƒì–¼êµ´' which means 'bare face'
 í’€ë§¤ is short for 'í’€ë©”ì´í¬ì—…' which means 'full makeup'","#korea, #korean, #hangul, #koreangrammar, #koreanlesson, #koreanquiz, #koreanlanguage"
HALLYU CON,2024-07-10T17:52:59.000Z,"Itâ€™s K-Study time with @jessie_e_jay 

Today we will be learning how to use the phrase â€œì‹œì›í•˜ë‹¤â€â€¦","#koreanlanguage, #hangul, #koreanphrase, #koreanlanguage, #learningkorean, #learnkorean, #hallyuhangugo"
Timekettle,2024-07-20T05:03:00.000Z,Empowering foreigners in Korea with Timekettle M3 Language Translator Earbuds. Break language barriers effortlessly and integrate seamlessly into daily life. Enhance your experience and connections in Korea with ease.,"#korean, #koreanlifestyles, #koreanlanguage, #timekettle"
Rosetta Stone,2024-10-02T18:19:27.000Z,"Grace's Sooda has a lot of ì• êµ (aegvo)!  

Do you know another  word or phrase with no  equivalent? Let us know.","#Korean, #English, #learnkorean, #koreanlanguage, #languagelearning, #polyglot"
HALLYU CON,2024-08-14T17:50:39.000Z,"Itâ€™s K-Study time with @jessie_e_jay 

In todayâ€™s video we learn how to pronounce the word â€œDramaâ€ in Korean.","#koreanlanguage, #hangul, #koreanphrase, #koreanlanguage, #learningkorean, #learnkorean, #hallyuhangugo, #ë“œë¼ë¯¸"
Rosetta Stone,2024-12-26T23:35:16.000Z,"Do you have a favorite non-flirty ? 

Share it with us.","#compliment, #koreanlanguage, #learnkorean, #languagelearning"
Korean Cultural Center in Thailand,2024-06-14T07:15:43.000Z,"à¸à¸£à¹‰à¸­à¸¡à¹€à¸£à¸µà¸¢à¸™à¸ à¸²à¸©à¸²à¹€à¸à¸²à¸«à¸¥à¸µà¸‡à¹ˆà¸²à¸¢ à¹† à¸”à¹‰à¸§à¸¢à¸ˆà¸±à¸‡à¸«à¸§à¸°à¸•à¸´à¸”à¸«à¸¹à¹„à¸›à¸”à¹‰à¸§à¸¢à¸à¸±à¸™à¸£à¸¶à¸¢à¸±à¸‡à¸„à¸°?

        

(Credit : korean_hamin, 
@korean_hamin
)","#kccthailand, #à¸¨à¸¹à¸™à¸¢à¹Œà¸§à¸±à¸’à¸™à¸˜à¸£à¸£à¸¡à¹€à¸à¸²à¸«à¸¥à¸µ, #Korean, #Koreanlanguage, #tiktok, #í•œêµ­ì–´, #à¸ à¸²à¸©à¸²à¹€à¸à¸²à¸«à¸¥à¸µ, #à¹€à¸à¸²à¸«à¸¥à¸µ"
HALLYU CON,2024-04-18T19:20:17.000Z,"Hello guys,  

Itâ€™s K-Study time

Today weâ€™ll learn how the expression â€™ê·¸ë ‡ê²Œ ì‰½ê²Œâ€˜ (That easy) has been used in different K-Pop songs

 Have you listened to any of these songs?","#koreanlanguage, #hangul, #hallyuhangugo, #kpop, #ì¼€ì…íŒ, #BoA, #UKISS, #GIDLE, #EPEX, #RedVelvet"
ìš°ëˆˆ,2024-08-18T13:35:17.000Z,,"#koreanlanguage, #koreanlearning"
Korean Cultural Center in Thailand,2024-08-23T09:49:04.000Z,à¸ à¸²à¸©à¸²à¹€à¸à¸²à¸«à¸¥à¸µ 1 à¸„à¸³à¹ƒà¸™à¸«à¸¥à¸²à¸¢à¸šà¸£à¸´à¸šà¸—!,"#kccthailand, #à¸¨à¸¹à¸™à¸¢à¹Œà¸§à¸±à¸’à¸™à¸˜à¸£à¸£à¸¡à¹€à¸à¸²à¸«à¸¥à¸µ, #Korean, #Koreanlanguage, #à¸ à¸²à¸©à¸²à¹€à¸à¸²à¸«à¸¥à¸µ, #à¹€à¸à¸²à¸«à¸¥à¸µ"
share.,2025-01-16T15:30:01.000Z,"Love Korean food?
Learn how to say 'Bibimbap is delicious' in Korean:
'bi-bim-bap mat-it-seo-yo' 

Practice pronunciation with our audio feature! 

 Explore it here: https://unity4th-shin.tistory.com/97","#LearnKorean, #KoreanLanguage, #KoreanFood, #Bibimbap, #Foodie"
Ham.kke,2025-03-28T17:14:01.000Z,"How to say you ""finished doing something"" in Korean.
.
.

 Save for later
.
.
Video credit: Jin Korean
.
.
.","#koreanlanguage, #studykorean, #studyhamkke, #learnkorean, #koreanlanguage, #koreanvocabulary, #explore, #fyp, #studykoreanwithme, #studyhamkke, #hamkkeclan"
Indiatourism Chennai,2023-09-04T11:30:00.000Z,"Explore the wonders of India with confidence. India Tourism Helpline is your go-to resource for travel tips, local insights, and assistance.","#incredibleindia, #indiatourism, #india, #English, #hindi, #arabic, #french, #germanlanguage, #italian, #spanish, #japanese, #koreanlanguage, #japan"
Prameya News7,2024-10-10T18:32:42.000Z,Nobel Prize for Literature announced | à¬¸à¬¾à¬¹à¬¿à¬¤à­à­Ÿ à¬ªà¬¾à¬‡à¬ à¬¨à­‹à¬¬à­‡à¬² à¬˜à­‹à¬·à¬£à¬¾,"#nobelprize2024, #literature, #sahitya, #koreanlanguage, #hankang, #prameyanews7"
Talk To Me In Korean,2025-04-21T13:10:55.000Z,"Don't miss out! 
ğ—¢ğ˜‚ğ—¿ ğ—§ğ—§ğ— ğ—œğ— ğ—–ğ—¼ğ˜‚ğ—¿ğ˜€ğ—² ğ—¬ğ—²ğ—®ğ—¿ğ—¹ğ˜† ğ—¦ğ˜‚ğ—¯ğ˜€ğ—°ğ—¿ğ—¶ğ—½ğ˜ğ—¶ğ—¼ğ—» ğ—¶ğ˜€ ğ—»ğ—¼ğ˜„ ğŸ±ğŸ¬% ğ—¢ğ—™ğ—™! 
 https://ttmik.me/4dBpKvs 

This limited-time offer ends soon, so grab your chance to master Korean in 2025!","#í‹°í‹°ë¯¹, #í•œêµ­ì–´, #LearnKorean, #TTMIK, #KoreanLanguage"
inextlive,2024-07-22T14:27:33.000Z,"à¤¸à¤¾à¤‰à¤¥ à¤•à¥‹à¤°à¤¿à¤¯à¤¾ à¤•à¥‡ à¤ªà¤°à¤‚à¤ªà¤°à¤¾ à¤¸à¥‡ à¤°à¥‚à¤¬à¤°à¥‚ à¤¹à¥à¤ à¤›à¤¾à¤¤à¥à¤°, à¤à¤à¤¨ à¤•à¥‰à¤²à¥‡à¤œ à¤®à¥‡à¤‚ à¤•à¥‹à¤°à¤¿à¤¯à¤¨ à¤²à¥ˆà¤‚à¤—à¥à¤µà¥‡à¤œ à¤•à¥€ à¤“à¤° à¤¸à¥‡ 2024 à¤•à¥‡-à¤ªà¥‰à¤ª à¤«à¥‡à¤¸à¥à¤Ÿ' à¤•à¤¾ à¤†à¤¯à¥‹à¤œà¤¨
    

via: 
@VikashP69886867","#PatnaNews, #Patna, #PatnaNews, #koreandance, #koreanlanguage"
Langma School of Languages,2025-03-09T03:30:00.000Z,"Turn Your Korean Skills into a Global Career! 
 Learn the Korean language with Langma Institute and get job assistance to enter the international job market.","#learnkorean, #koreanlanguage, #Langma, #korea, #india"
Bibliophile Vicki,2025-01-08T12:11:14.000Z,OED welcomes words from,#KoreanLanguage
Thirza,2024-10-18T21:15:31.000Z,"Decided to learn the Korean language, so I can speak it as horrible as English, German and Spanish. But I manage with my hands and feet!. But Iâ€™m in an hurry to learn it, so looking for a teacher asap!","#koreanlanguage, #korea"
Langma School of Languages,2025-03-14T03:30:00.000Z,"Experience the thrill of Seoul! 
Stroll through vibrant streets, dive into the culture, and master Korean naturally!  With expert guidance and real-world practice, your journey to fluency starts now! 

Limited Seats ONLY
Contact us now","#studyinkorea, #koreanlanguage"
"Soran ãƒƒ(,)",2024-12-31T05:20:45.000Z,"<< í•œêµ­ì–´ ë¯¸ë‹ˆí•™ìŠµì§€ >>

ë“œë””ì–´ ë² ì¼ì„ ë²—ë‹¤...!!! (ë°˜ë§Œ?) 
í•œêµ­ì–´ ë¯¸ë‹ˆí•™ìŠµì§€  
https://studymini.com/next/ 

ë‹¤ í•¨ê»˜ í•˜ì‹œì£ . 
ì— ë²„ì„œë” ëª¨ì§‘ë„ ì‹œì‘í–ˆìŠµë‹ˆë‹¤. 

ì´ë²ˆ í•œêµ­ì–´ ë¯¸ë‹ˆí•™ìŠµì§€ ë§ˆìŠ¤ì½”íŠ¸ëŠ”?","#í•œêµ­ì–´í•™ìŠµì§€, #Koreanlanguage"
Langma School of Languages,2025-03-15T12:30:00.000Z,"Langma is Enrolling!

Join Langma to avail expert Korean language training, TOPIK exam preparation, Interactive Sessions with University representatives and FREE Counselling.

Study in Korea

Hurry! Contact us now

JUNE Registrations are Open!","#koreanlanguage, #students, #Langma"
Master3Languages,2025-04-29T13:30:00.000Z,"How to Count in Korean & Japanese

â– Credits to KoreanClass101 http://ow.ly/VTS230cDkgu
â– Credits to JapanesePod101 http://ow.ly/uoFu30cDkin","#LearnKorean, #LearnJapanese, #LanguageLearning, #KoreanNumbers, #JapaneseNumbers, #Multilingual, #StudyTips, #KoreanLanguage, #JapaneseLanguage"
ì˜ë¦¼,2024-05-01T14:02:40.000Z,"EPS TOPIK FISHERY VOCABULARY & EXPRESSION~
For everyone who learning EPS TOPIK, fighting! Hope it would be help~

Anw, guys ayo followan di tt aku juga up disana & kalo gabut aku ngelive either bahas soal/bahas bahasa korea pokoknya let's follow ""bygeumson2""",#koreanlanguage
Yun's Korean Lesson,2024-10-09T01:57:32.000Z,"ì˜¤ëŠ˜ì€ í•œê¸€ë‚  (577íšŒ)
ì—¬ëŸ¬ë¶„ì´ ì¢‹ì•„í•˜ëŠ” í•œêµ­ì–´ëŠ” ë­ì˜ˆìš”?
ì¢‹ì•„í•˜ëŠ” í•œêµ­ì–´ì™€, 
ì™œ ê·¸ ë§ì´ ì¢‹ì€ì§€ ì´ìœ ë„ 
ì•Œë ¤ì£¼ì„¸ìš”","#éŸ“å›½èªå‹‰å¼·, #éŸ“å›½èªå­¦ç¿’, #Korean, #Koreanlanguage, #Learningkorean"
IH London,2024-02-29T17:20:52.000Z,"Ashling is back! We get a range of new grammar, new vocab and even a BTS mention .

For our Korean courses  http://tinyurl.com/5cnpaap3!","#Korean, #LearnKorean, #Korea, #KPop, #KoreanLanguage, #ForeignLanguages, #StudyKorean, #IHLondon"
AllAuthor,2024-08-06T08:15:02.000Z,"Whether you're a beginner or looking to refine your skills, this workbook is for you! Read ""Korean Workbooks for Beginners"" now.     Buy Now --> https://allauthor.com/amazon/87243/","#Korean, #HandwritingPractice, #KoreanLanguage"
Nigerian Korean Lovers,2024-02-06T00:39:46.000Z,"My first day in my Korean Class, and it was amazing.
I generally struggle with languages but thanks to my teacher 
@Nekie_neka
I finally understand this symbols

I really want to learn Korean & will start with the basics.
Wish me luck guys","#korean, #koreanlanguage, #koreanclass"
Whisky Whistle,2024-12-02T14:41:49.000Z,Do you speak  and love ? í•œêµ­ì–´ ëª¨êµ­ì–´ë‚˜ ì œ2ì™¸êµ­ì–´ë¡œ í•˜ê³  ìœ„ìŠ¤í‚¤ ì• í˜¸ê°€ì„¸ìš”?   ë¡œ ë ˆì¹™ ì‹±í´ë ˆì–´ ì‹œë¦¬ì¦ˆ ë¦¬ì˜¤í•˜ í”¼ë‹ˆì‰¬ ë¦¬ë·°! ë ˆì¹™ ë…ë¦½ë³‘ì… ìœ„ìŠ¤í‚¤ë„!  ì˜ í–‰ë³µ!!,"#Korean, #whisky, #koreanlanguage, #í”¼íŠ¸í–¥"
HALLYU CON,2024-09-25T15:42:07.000Z,"Itâ€™s K-Study time with @jessie_e_jay 

In todayâ€™s video we learn a few conjugations for irregular adjective â€˜ê·€ì—½ë‹¤â€™.","#koreanlanguage, #hangul, #koreanphrase, #koreanlanguage, #learningkorean, #learnkorean, #hallyuhangugo"
Khaosod English,2025-02-07T02:51:32.000Z,"Most of South Korean teachers had entered Thailand under the 90-day visa exemption, while others were in the country through marriage to Thai nationals.","#languageschool, #koreanlanguage, #bangkok, #thailand"
KELLY HILL TONE,2025-03-25T00:26:03.000Z,"ìƒì¼ ì¶•í•˜í•©ë‹ˆë‹¤  03.25 
Happy Birthday to me","#ìƒì¼ì¶•í•˜, #ìƒì¼ì¶•í•˜í•´, #í•œêµ­ì–´, #birthdaygirl, #birthdayvibes, #koreanlanguage, #korean, #kellyhilltone"
Korean Cultural Centre South Africa,2025-04-11T12:08:20.000Z,"ğ—ğ—¼ğ—¿ğ—²ğ—®ğ—» ğ—–ğ—¹ğ—®ğ˜€ğ˜€ ğ—™ğ˜‚ğ—» ğ——ğ—®ğ˜† â€“ ğ˜½ğ™ªğ™¡ğ™œğ™¤ğ™œğ™ ğ™€ğ™™ğ™ğ™©ğ™ğ™¤ğ™£! 

Today, 11 April, we stepped out of the classroom and into the kitchen for a fun-filled Korean language class!","#KCCSA, #KoreanLanguage, #KSI, #KingSejongInsitute, #KFoodAcademy, #Bulgogi"
Sanjeev,2024-10-07T05:14:20.000Z,"Oldboy 2003

IMDB Rating : 8.3/10







OTT Platform : Available on Apple TV, Google Play Movies, Fandango At Home, and Prime Video. 

After being kidnapped and imprisoned for fifteen years, Oh Dae-Su is","#KoreanLanguage, #OnePersonArmyAction, #PshchologicalThriller, #Mystery, #Action"
bobootogether - à¸ªà¸•à¸­à¸£à¸µà¹ˆà¸‚à¸­à¸‡à¹‚à¸šà¹‚à¸šà¹‰,2024-06-06T19:00:38.000Z,"Korean learning hours 
í•œêµ­ì–´ê³µë¶€í•´ìš”
à¹ƒà¸™à¸—à¸µà¹ˆà¸ªà¸¸à¸”à¸à¹‡à¸–à¸¶à¸‡à¸šà¸—à¸ªà¸¸à¸”à¸—à¹‰à¸²à¸¢à¸‚à¸­à¸‡à¹€à¸¥à¹ˆà¸¡à¸™à¸µà¹‰à¹à¸¥à¹‰à¸§ à¹€à¸­à¸²à¸ˆà¸£à¸´à¸‡à¹† à¸„à¸·à¸­à¹à¸­à¸šà¸•à¸·à¹ˆà¸™à¹€à¸•à¹‰à¸™à¸à¸°à¹€à¸¥à¹ˆà¸¡à¹ƒà¸«à¸¡à¹ˆà¸™à¸° à¸¥à¸°à¸à¹‡à¹„à¸¡à¹ˆà¸„à¸´à¸”à¸§à¹ˆà¸²à¸•à¸±à¸§à¹€à¸­à¸‡à¸ˆà¸°à¹€à¸£à¸µà¸¢à¸™à¸¡à¸²à¹„à¸”à¹‰à¸¢à¸²à¸§à¸™à¸²à¸™à¸‚à¸™à¸²à¸”à¸™à¸µà¹‰à¸”à¹‰à¸§à¸¢à¸¢ à¹€à¸à¹ˆà¸‡à¸¡à¸²à¸à¸à¸~ à¸ˆà¸šà¸šà¸—à¸™à¸µà¹‰à¸¡à¸µà¸ªà¸­à¸šà¸­à¸µà¸à¹à¸¥à¹‰à¸§à¸ˆà¹‰à¸²à¸² à¸£à¹‰à¸­à¸‡à¹„à¸«à¹‰","#koreanlanguage, #koreanlanguageclass, #pat7, #í•œêµ­ì–´, #à¸ à¸²à¸©à¸²à¹€à¸à¸²à¸«à¸¥à¸µ"
Juliana Heng,2025-01-24T16:32:21.000Z,"1st Book of 2025 ~ Read ""Korean for Business Conversations & Emails""  

It's more challenging compared to everyday Korean but I enjoy sounding professional as I read the sentences aloud!","#koreanlanguage, #businesskorean, #í•œêµ­ë§, #book, #mxjulianaheng"
green,2024-06-10T04:32:53.000Z,family -> ê°€ì¡± (ga jok),"#TheAtypicalFamily, #JangKiyong, #ChunWoohee, #KoreanLanguage"
KELLY HILL TONE,2025-04-10T18:34:04.000Z,ì•ˆë…•! Shooting day,"#ëª¨ë¸ì‚¬ì§„, #ëª¨ë¸ë§, #í•œêµ­ì–´, #í•œêµ­ë§, #koreanlanguage, #koreanspeaking, #kpopfashion, #y2kaesthetic, #backstageshooting, #kellyhilltone"
Hey!Hallyu,2025-03-26T13:48:56.000Z,"Hey YUYUâ€™s!
Do you dream of singing along to your favorite K-pop songs or just want to learn Korean?  Nowâ€™s your chance to learn the language with our korean books and workbooks! 

 Go to our website to Merchandise > Learn Korean to pre-order!","#heyhallyu, #koreanlanguage"
changwhoon Suh (Korean Practice),2025-04-22T23:19:30.000Z,"Cute Korean Expression: ì˜¤ë¹ /ì–¸ë‹ˆ (brother/sister).

https://koreanpractice.com","#KoreanLanguage, #KoreanBuddy, #LearnKorean, #KoreanExpressions, #LanguageLearning, #KoreanForBeginners, #koreancuteword"
Langma School of Languages,2025-01-19T12:30:00.000Z,"Can you say this Korean tongue twister
without tripping up?","#Korean, #TongueTwister, #LanguageChallenge, #KoreanLanguage, #Pronunciation, #FunWithWords, #LearnKorean, #KoreanCulture, #LanguageLearning, #KoreanFun"
all about kpop and kdrama,2023-10-02T18:17:27.000Z,"ì•ˆë…•í•˜ì„¸ìš” ì—¬ëŸ¬ë¶„! ì˜¤ëœë§Œì´ì—ìš”! 

LEVEL 7 - 
@ttmik
 
 Lesson 14. No matter howâ€¦ / ì•„ë¬´ë¦¬ -ì•„/ì–´/ì—¬ë„
.
.","#korean, #studygram, #koreanlanguage, #koreanstudy, #koreanstudygram, #studykorean, #learnkorean, #studymotivation, #study, #studynotes, #koreannotes, #koreanlanguagenotes"
Langma School of Languages,2025-04-09T03:30:00.000Z,"Dreaming of Korea? Letâ€™s make it realâ€”together! 
Langma helps you learn Korean, prep for exams & connect with real study + job opportunities.
No pressure, just progress.
Start now. Start with Langma","#LearnKorean, #StudyInKorea, #LangmaSchool, #AbroadGoals, #KoreanLanguage"
TriBeCa Language,2025-04-08T22:06:36.000Z,"ğ—¦ğ—®ğ˜† ì•ˆë…•í•˜ì„¸ìš” ğ˜ğ—¼ ğ—® ğ˜„ğ—¼ğ—¿ğ—¹ğ—± ğ—¼ğ—³ ğ—³ğ˜‚ğ—»!  

Our Korean Discovery Class is a joy-filled adventure through sounds, stories, games, and cultural gems! 

Fall enrollment opens soon
DM us for info or to join the waitlist!","#koreanforkids, #koreanlanguage"
share.,2025-01-15T15:30:00.000Z,"Is the food too salty or spicy? Learn how to say 'Itâ€™s too ___' in Korean! 

 Check it out here: https://unity4th-shin.tistory.com/96","#LearnKorean, #KoreanLanguage, #TravelTips, #KoreanCulture"
green,2024-06-04T08:36:23.000Z,"Queen of Tears -> ëˆˆë¬¼ì˜ ì—¬ì™•
tear -> ëˆˆë¬¼ (nunmul), queen -> ì—¬ì™• (yeowang)","#QueenofTears, #KoreanLanguage"
ì˜ë¦¼,2024-04-29T18:38:58.000Z,"Udah lama ga nulis wkwk~ sejak lulus kuliah jarang bgtt nulis~ semoga kebaca :"")

EPS TOPIK VOCABULARY","#Koreanlanguage, #studytwtbr, #learnkorean, #bakor, #bahasakorea, #belajar"
share.,2024-12-22T16:53:29.000Z,"""Planning a trip to Korea?  
Master the essential phrase: 
'ì´ê±° ì–¼ë§ˆì˜ˆìš”?' (How much is this?). 
Perfect for shopping adventures! 

Learn more: https://unity4th-shin.tistory.com/68","#TravelKorea, #LearnKorean, #ShoppingInKorea, #KoreanPhrases, #KoreanLanguage, #KoreanCulture"
share.,2024-12-23T15:08:33.000Z,"Traveling in Korea? 
Learn the essential phrase!
""hwa-jang-shil eo-di-ye-yo?"" 
(Where is the restroom?)
A lifesaver when you're exploring! 

Details here: https://unity4th-shin.tistory.com/69","#ForRestroom, #TravelKorea, #LearnKorean, #KoreanPhrases, #KoreanLanguage, #KoreanCulture"
Hello_Korea_Fun,2025-01-26T05:00:00.000Z,"Exploring Korea and unsure of your way? 
Learn how to confirm directions with ease!
Say: 'o-reun-jjok-i-e-yo?' (Is it on the right?)
 Audio playback included to master your pronunciation! 

 Dive in: https://unity4th-shin.tistory.com/106","#LearnKorean, #TravelTips, #KoreanLanguage"
share.,2025-01-02T15:23:48.000Z,"""Need to say 'Iâ€™m sorry' in Korean? 
Learn to apologize politely: 
 'joe-song-ham-ni-da'
Now with an audio feature to practice pronunciation! 

 Check it out here: https://unity4th-shin.tistory.com/82","#SorryInKorean, #LearnKorean, #KoreanLanguage, #PolitenessInKorean, #TravelKorea"
share.,2025-02-08T15:30:00.000Z,"Lost in translation? 
Learn how to ask for an interpreter in Korean!

 Say: ""tong-yeok-i pi-ryo-hae-yo"" (I need an interpreter)
 Audio playback included to help with pronunciation!

 Get the full guide: https://unity4th-shin.tistory.com/159","#LearnKorean, #TravelTips, #KoreanLanguage"
leyla,2025-01-24T00:25:39.000Z,"23rd of january (and a bit past midnight) 

listened to ep #22 of choisusuâ€™s korean podcast about having a cold. studied one video from billy goâ€™s playlist. reviewed words on anki.","#langtwt, #studytwt, #koreanlanguage"
share.,2025-01-05T15:21:09.000Z,"Want to ask about food allergies in Korea? 
Learn to ask: '___ deul-eo-it-na-yo?'
Perfect for exploring Korean cuisine safely! 
Includes 9 major allergens! 


 Details here: https://unity4th-shin.tistory.com/85","#LearnKorean, #KoreanLanguage, #SafeTravel"
Master3Languages,2025-04-14T13:30:00.000Z,"Personal Care Items in Korean & Japanese

â– Credits to KoreanClass101 http://ow.ly/VTS230cDkgu
â– Credits to JapanesePod101 http://ow.ly/uoFu30cDkin","#PersonalCare, #KoreanLanguage, #JapaneseLanguage, #LearnKorean, #LearnJapanese, #DailyEssentials, #LanguageLearning, #KoreanVsJapanese"
share.,2024-12-24T15:04:56.000Z,"Spend Christmas in Korea?
Learn how to say 'Have a Joyful Christmas' in Korean:
""jeul-geo-woon Christmas doe-se-yo!"" 
Holiday cheer, Korean style!

Details here: https://unity4th-shin.tistory.com/70","#Christmas, #TravelKorea, #LearnKorean, #KoreanPhrases, #KoreanLanguage, #KoreanCulture"
share.,2025-01-04T15:06:35.000Z,"Vegetarian in Korea? 
Learn to say 'chae-sik-ju-ui-ja me-nyu it-seo-yo?' confidently! 

 Check it out here: https://unity4th-shin.tistory.com/84","#LearnKorean, #KoreanLanguage, #VegetarianTravel, #KoreanCulture"
share.,2025-01-24T15:30:01.000Z,"Lost while exploring Korea?  Learn how to confirm directions like a local!
Say: 'o-reun-jjok-i-e-yo?' (Is it on the right?)
Now with audio playback for perfect pronunciation! 

 Dive in: https://unity4th-shin.tistory.com/106","#LearnKorean, #TravelTips, #KoreanLanguage"
ë¸”ë™í•˜íŠ¸,2025-01-08T23:40:52.000Z,"ì—¬ëŸ¬ë¶„, ì•ˆë…•í•˜ì„¸ìš”!
Ever dreamed of speaking Korean fluently? Want to pick up a new skill in 2025? Try Koreanó¾“® Iâ€™m inviting You to join me on this exciting journey of learning Korean. Itâ€™s rewarding & it's definitely worth it. í•œêµ­ì–´ë¥¼ ë°°ì›ì‹œë‹¤ó¾“®","#KoreanLanguage, #LearnKorean"
L. Kim Studios,2024-09-13T21:54:01.000Z,Korean Boyfriend Morning Hello,"#kdrama, #korean, #koreanlanguage, #aivideo, #aiart, #kpop, #koreandrama, #runwayml, #midjourney"
Master3Languages,2025-04-08T13:30:00.000Z,"Filling in Personal Information in Korean & Japanese

â– Credits to KoreanClass101 http://ow.ly/VTS230cDkgu
â– Credits to JapanesePod101 http://ow.ly/uoFu30cDkin","#PersonalInfo, #KoreanLanguage, #JapaneseLanguage, #LearnKorean, #LearnJapanese, #LanguageLearning, #FormFilling, #LanguageTips"
Tompel,2024-10-06T06:03:03.000Z,,"#Duolingo, #koreanlanguage"
Kahjii Korea | Kursus Bahasa Korea Online,2023-07-10T05:26:30.000Z,Eitss siapa nih punya keinginan kerja di Korea. Salah satu persiapannya perlu banget test EPS-Topik. Apa sih EPS Topik itu?,"#EPSTopik, #WorkInKorea, #KoreanLanguage"
HALLYU CON,2024-03-28T16:33:58.000Z,"Hello guys, Itâ€™s K-Study time!

Itâ€™s looking like Spring is finally here, so today weâ€™ll go through Korean expressions from â€™s , which, 12yrs later, still continues to chart around this time of the year","#BuskerBusker, #CherryBlossomEnding, #koreanlanguage, #hangul, #kpop, #ë²šê½ƒì—”ë”©"
share.,2024-12-26T16:41:15.000Z,"Shopping in Korea?  Here's how to handle receipts like a local!
Learn how to request one:
 'yeong-su-jeung  ju-se-yo'
Now with an audio feature to practice pronunciation! 

 Details here: https://unity4th-shin.tistory.com/73","#ShoppingTips, #TravelKorea, #LearnKorean, #KoreanLanguage"
Master3Languages,2025-03-09T13:30:00.000Z,"5 Ways to Prepare Your Travel in Korean & Japanese

â– Credits to KoreanClass101 http://ow.ly/VTS230cDkgu
â– Credits to JapanesePod101 http://ow.ly/uoFu30cDkin","#KoreanLanguage, #JapaneseLanguage, #TravelTips, #StudyKorean, #StudyJapanese, #KoreaTravel, #JapanTravel, #LanguageLearning"
Master3Languages,2025-04-11T13:30:01.000Z,"Daily Life Actions in Korean & Japanese - Relaxing at Home

â– Credits to KoreanClass101 http://ow.ly/VTS230cDkgu
â– Credits to JapanesePod101 http://ow.ly/uoFu30cDkin","#DailyLife, #KoreanLanguage, #JapaneseLanguage, #LearnKorean, #LearnJapanese, #LanguageLearning, #KoreanVsJapanese"
HALLYU CON,2024-07-31T16:39:42.000Z,"Itâ€™s K-Study time with @jessie_e_jay 

In today's video we learn how to sound more like a native with the interjection 'ì–´'","#koreanlanguage, #hangul, #koreanphrase, #koreanlanguage, #learningkorean, #learnkorean, #hallyuhangugo"
ìë°©ì´,2024-09-03T04:32:07.000Z,"How many ways to say â€˜Auntâ€™ in Korean?!   #... https://youtube.com/shorts/NkiQk96imw0?si=sWwKEwVkQXX0J3mAâ€¦ via 
@YouTube
 ìš”ìƒˆ ì´ ì±„ë„ êµ¬ë…í–ˆë‹¤. ì˜ì–´ë¡œ í•œêµ­ê´€ë ¨ ë‚´ìš©ë“¤ ë“¤ìœ¼ë‹ˆê¹Œ ë¦¬ìŠ¤ë‹ ì¢€ ë” ì˜ë˜ê³  ì¼ì¨ì„œ ì¡°ìŒ","#koreanlanguage, #koreanculture"
IH London,2024-01-06T09:00:55.000Z,"How much do you know about 'Hangul'? Do you know who invented it? Get to know some facts about 'Hangul' - the  alphabet - with our teacher Hyoone!

For our Korean courses  http://tinyurl.com/5cnpaap3","#Korean, #Hangul, #KoreanAlphabet, #KoreanLanguage, #ForeignLanguages, #IHLondon"
HALLYU CON,2024-05-01T18:19:57.000Z,"Hello guys,  
  
 Itâ€™s K-Study time
  
 Today weâ€™ll learn new expressions from IVEâ€™s recent release, â€˜Heya (í•´ì•¼)â€™
  
  Have you listened to the song?","#koreanlanguage, #hangul, #hallyuhangugo, #kpop, #ì¼€ì…íŒ, #IVE, #HEYA, #í•´ì•¼"
Natalie Jung,2025-04-24T13:00:01.000Z,"Todayâ€™s Korean: ê¸°ë¶„ì´ ì•ˆ ì¢‹ì•„ìš”.
= â€œIâ€™m in a bad mood.""

One sentence a day. Real-life Korean.
 Save + Retweet to remember","#KoreanSentence, #LearnKorean, #DailyKorean, #KoreanLanguage, #KoreanPhrase, #ê¸°ë¶„ì´ì•ˆì¢‹ì•„ìš”, #TheJungStudio"
@MelbAsiaReview,2024-11-11T01:45:20.000Z,"PODCAST:  is surging in global popularity. Meanwhile, Korean diaspora find it difficult to maintain their linguistic heritage. So whoâ€™s learning Korean & what motivates them?

@DrNicoFrasco & @ Dr Sin Ji Jung 
@ArtsUniMelb
 & 
@Profactual",#Koreanlanguage
HALLYU CON,2024-09-04T19:29:36.000Z,"Hello guys,

Itâ€™s K-Study time

Since we're currently in event season, today we're going to learn a few expressions related to the subject.

Will you join us at Hallyu Con 2024?","#koreanlanguage, #hangul, #hallyuhangugo, #kpop, #í•œë¥˜ì½˜"
MIRINAE,2024-08-09T03:14:07.000Z,"ğ—ªğ—µğ—®ğ˜ ğ—±ğ—¼ğ—²ğ˜€ êµ­ëŒ€ ğ—ºğ—²ğ—®ğ—»?

 êµ­ëŒ€ is short for 'êµ­ê°€ëŒ€í‘œ' which means 'national team player'","#korea, #korean, #hangul, #koreangrammar, #koreanlesson, #koreanquiz, #koreanlanguage"
ï½ï½™job,2025-04-28T01:23:58.000Z,"ECã‚µã‚¤ãƒˆ
https://myjobjp.com/detail/72
æ±äº¬éƒ½æ¸‹è°·åŒº","#ApparelBrand, #KoreanLanguage"
Kr bangla,2025-04-27T18:33:02.000Z,"à¦•à§‹à¦°à¦¿à¦¯à¦¼à¦¾à¦¨ à¦­à¦¾à¦·à¦¾ à¦¶à¦¿à¦–à¦¤à§‡ à¦šà¦¾à¦¨? à¦†à¦®à¦¾à¦¦à§‡à¦° à¦¬à§à¦²à¦— à¦ªà§‹à¦¸à§à¦Ÿà§‡ à¦†à¦ªà¦¨à¦¾à¦° à¦œà¦¨à§à¦¯ à¦°à¦¯à¦¼à§‡à¦›à§‡ à¦¦à¦¾à¦°à§à¦£ à¦•à§‹à¦°à¦¿à¦¯à¦¼à¦¾à¦¨ à¦—à§à¦°à¦¾à¦®à¦¾à¦° à¦Ÿà¦¿à¦ªà¦¸! 
à¦à¦–à¦¨à¦‡ à¦ªà¦¡à¦¼à§à¦¨! https://krbangla.blogspot.com/2025/04/blog-post_27.htmlâ€¦

à¦¹à§à¦¯à¦¾à¦¶à¦Ÿà§à¦¯à¦¾à¦—:","#KRBangla, #LearnKorean, #KoreanGrammar, #EpsTopik, #KoreanLanguage"
leyla,2025-01-24T20:55:46.000Z,"question: Iâ€™m learning about how to say â€œiâ€™m sorry to hear that/oh no/what will you/i doâ€ in Korean and billyì„ ìƒë‹˜ only mentioned what to say to close friends, but what about all other people? like elderly? is there a word for that you can use?","#langtwt, #koreanlanguage"
ì˜ë¦¼,2024-05-24T21:00:58.000Z,https://x.com/ilgijangida/st/ilgijangida/status/1794111034275639499â€¦,"#bahasakorea, #belajarbakor, #bakor, #koreanlanguage, #lesbahasakorea, #lesbakor, #kursusbahasakorea, #epstopik, #topikkorea, #kuliahdikorea, #kerjadikorea"
The Korea Times,2025-04-22T00:34:25.000Z,"APPLY BY APRIL 27 at the link in bio, or Google 'Korea Times Speaking Contest'
Last chance to enter the Korean speaking contest by the Korea Times!
-","#koreatimes, #koreanlanguagespeakingcontest, #korean, #koreanlanguage, #koreanspeechcontest, #koreanspeakingcontest, #speakkorean"
Sanjeev K Ahuja,2025-04-27T15:26:31.000Z,"Bridging Cultures, Empowering Futures!
A heartfelt donation of 5 million won from Yangju City Council boosts Korean language education in India!
Gratitude, unity, and hope in every page!
   
Read more  
https://asiancommunitynews.com/yangju-city-council-donates-book-fund-to-support-korean-language-education-in-india/â€¦","#GlobalFriendship, #KoreanLanguage, #EducationMatters"
Kr bangla,2025-04-25T18:31:41.000Z,"EPS TOPIK à¦°à¦¿à¦¡à¦¿à¦‚ à¦ªà§à¦°à§à¦¯à¦¾à¦•à¦Ÿà¦¿à¦¸ 
à¦¦à§ˆà¦¨à¦¿à¦• à§§à§«à¦Ÿà¦¿ à¦ªà§à¦°à¦¶à§à¦¨ à¦“ à¦‰à¦¤à§à¦¤à¦°à¦¸à¦¹!
à¦¤à§ˆà¦°à¦¿ à¦¹à¦¨ à¦ªà¦°à§€à¦•à§à¦·à¦¾à¦° à¦œà¦¨à§à¦¯à¥¤
à¦ªà¦¡à¦¼à§à¦¨ à¦à¦–à¦¾à¦¨ à¦¥à§‡à¦•à§‡:
https://krbangla.blogspot.com/2025/04/eps-topik-reading-practice.htmlâ€¦","#EPSTOPIK, #KoreanLanguage, #ReadingPractice, #KRbangla"
Korean Cultural Centre South Africa,2025-04-29T13:35:00.000Z,"ğ—ğ—¦ğ—œ ğ—ğ—¼ğ—¿ğ—²ğ—®ğ—» ğ—Ÿğ—®ğ—»ğ—´ğ˜‚ğ—®ğ—´ğ—² ğ—–ğ—¹ğ—®ğ˜€ğ˜€ğ—²ğ˜€ - Survey

The King Sejong Institute at the Korean Cultural Centre SA is getting ready for the 2025 2nd semester 1A Korean class (14 Julâ€“25 Oct).

 Survey https://forms.gle/PfMcUbCqiEAfLsXR7â€¦","#KCCSA, #KoreanLanguage, #KSI, #KingSejongInsitute"
ìœ í•˜,2025-04-28T03:32:31.000Z,"Abandon ë°©ì¢…; ë°©ì
With abandon ë©‹ëŒ€ë¡œ; ë§ˆìŒëŒ€ë¡œ; ë‹¥ì¹˜ëŠ” ëŒ€ë¡œ
Abase ê¹ì•„ë‚´ë¦¬ë‹¤
Abduct ìœ ê´´í•˜ë‹¤ 
Abhor ëª¹ì‹œ ì‹«ì–´í•˜ë‹¤
Abide ë¨¸ë¬´ë¥´ë‹¤; ë‚¨ë‹¤
Ability ëŠ¥ë ¥; ì¬ëŠ¥; ì—­ëŸ‰","#koreanlanguage, #vocabulary, #í•œêµ­ì–´, #ì–´íœ˜"
Asian Community News,2025-04-27T15:26:05.000Z,"Bridging Cultures, Empowering Futures!
A heartfelt donation of 5 million won from Yangju City Council boosts Korean language education in India!
Gratitude, unity, and hope in every page!
   
Read more  
https://asiancommunitynews.com/yangju-city-council-donates-book-fund-to-support-korean-language-education-in-india/â€¦","#GlobalFriendship, #KoreanLanguage, #EducationMatters"
Renaissance Translations Ltd,2025-04-22T22:00:15.000Z,"The Korean language has traveled a remarkable path through history.
With its unique Hangul script and deep cultural roots. 

Want to know how it all began?

 Explore the evolution of Korean: https://renaissance-translations.com/korean-language-history/â€¦","#KoreanLanguage, #RenaissanceTranslations"
Korean,2025-04-25T18:31:59.000Z,"EPS TOPIK à¦°à¦¿à¦¡à¦¿à¦‚ à¦ªà§à¦°à§à¦¯à¦¾à¦•à¦Ÿà¦¿à¦¸ 
à¦¦à§ˆà¦¨à¦¿à¦• à§§à§«à¦Ÿà¦¿ à¦ªà§à¦°à¦¶à§à¦¨ à¦“ à¦‰à¦¤à§à¦¤à¦°à¦¸à¦¹!
à¦¤à§ˆà¦°à¦¿ à¦¹à¦¨ à¦ªà¦°à§€à¦•à§à¦·à¦¾à¦° à¦œà¦¨à§à¦¯à¥¤
à¦ªà¦¡à¦¼à§à¦¨ à¦à¦–à¦¾à¦¨ à¦¥à§‡à¦•à§‡:
https://krbangla.blogspot.com/2025/04/eps-topik-reading-practice.htmlâ€¦","#EPSTOPIK, #KoreanLanguage, #ReadingPractice, #KRbangla"
Dosoguan,2025-04-24T07:59:57.000Z,Promozione di Primavera     Codice : Easter2025    attivo fino al 3 Maggio !     The Coupon is valid until May 3!,"#linguacoreana, #coreadelsud, #studykorean, #koreanlanguage, #libri, #lingue, #mumin, #rilakkuma, #learnkorean, #matite, #linguestraniere, #cosmetici, #quaderni"
Korean,2025-04-27T18:33:15.000Z,"à¦•à§‹à¦°à¦¿à¦¯à¦¼à¦¾à¦¨ à¦­à¦¾à¦·à¦¾ à¦¶à¦¿à¦–à¦¤à§‡ à¦šà¦¾à¦¨? à¦†à¦®à¦¾à¦¦à§‡à¦° à¦¬à§à¦²à¦— à¦ªà§‹à¦¸à§à¦Ÿà§‡ à¦†à¦ªà¦¨à¦¾à¦° à¦œà¦¨à§à¦¯ à¦°à¦¯à¦¼à§‡à¦›à§‡ à¦¦à¦¾à¦°à§à¦£ à¦•à§‹à¦°à¦¿à¦¯à¦¼à¦¾à¦¨ à¦—à§à¦°à¦¾à¦®à¦¾à¦° à¦Ÿà¦¿à¦ªà¦¸! 
à¦à¦–à¦¨à¦‡ à¦ªà¦¡à¦¼à§à¦¨! https://krbangla.blogspot.com/2025/04/blog-post_27.htmlâ€¦

à¦¹à§à¦¯à¦¾à¦¶à¦Ÿà§à¦¯à¦¾à¦—:","#KRBangla, #LearnKorean, #KoreanGrammar, #EpsTopik, #KoreanLanguage"
iLanguage,2025-04-27T14:34:08.000Z,"Silly Sunday Word Fun!
Language is full of surprises... and a lot of laughs too!","#SillySunday, #LanguageLaughs, #KoreanWordPlay, #MultilingualFun, #WordNerd, #ContextIsKey, #LanguageHumor, #PolyglotProblems, #korean, #WordFun, #LinguisticTwists, #KoreanLanguage, #LearningIsFun, #StayCurious"
ìœ í•˜,2025-04-27T22:38:26.000Z,"ê°€ë‹¤ê°€ sometimes
ê°€ë‹´ help; aid; participation
ê°€ë™ operation
ê°€ë‘ a street
ê°€ë“ full
ê°€ëœ©ì´ë‚˜ besides; moreover
ê°€ëœ¬íˆ lightly
ê°€ë¼ì•‰ë‹¤ sink; calm down
ê°€ëŸ‰ì—†ë‹¤ have poor judgement
ê°€ë ¤ë‚´ë‹¤ sort out
ê°€ë ¤ì“°ë‹¤ use properly","#í•œêµ­ì–´, #ì–´íœ˜, #koreanlanguage, #vocabulary"
peterkwon,2024-08-27T04:44:11.000Z,"In the  August 2024 primary, more  ballots voted than any other language in !","#WashingtonState, #koreanlanguage, #kingcounty, #koreancommunity, #vote2024"
share.,2025-02-15T15:30:00.000Z,"Got a headache while traveling? Learn how to say:
""meo-ri-ga a-pa-yo!"" (I have a headache.)

 Visit a pharmacy and ask for medicine!
 Now with an audio feature to practice pronunciation!

 Learn more: https://unity4th-shin.tistory.com/189","#LearnKorean, #TravelTips, #KoreanLanguage"
LangHacks,2024-12-28T17:21:05.000Z,"Korean's 7 speech levels means saying ""hello"" depends on who you're talking to. Mind = blown!",#KoreanLanguage
Langma School of Languages,2025-02-19T03:30:00.000Z,"Do you want to speak like a native Korean? 
Join our courses designed for all levels! 

What we offer: 
 100% Placement Assistance
 International Examination Preparation
 Guaranteed Learning Program
 Special Curated Classes

Join Us Now","#LearnKorean, #KoreanLanguage"
ì•„ë¯¸ Korean Study Group,2024-07-07T15:00:00.000Z,"ê¿€ê¿€ (kkul-kkul): The sound a pig makes, similar to ""oink oink."" Embrace the charm of this adorable onomatopoeia!","#KoreanLanguage, #Onomatopoeia"
Language Loop,2024-11-18T21:30:00.000Z,korean language classes are available in chicago! : cell or text 312-837-9012  for scheduling options and pricing.,"#studykorean, #koreanlessons, #learnkorean, #koreanlanguage, #koreanschool, #kdrama, #kpop, #kbeauty, #languagelearning, #chicago, #westlooo, #languagetraining"
Innovative Mind,2024-10-19T15:29:58.000Z,"Happy birthday, ì´í•œì´!   Did you know ""ì•ˆë…•"" (annyeong) is the most commonly used greeting in Korean, meaning ""hello"" or ""goodbye""? It's a versatile word, just like you!","#HappyBirthday, #KoreanLanguage"
Innovative Mind,2024-10-21T15:26:04.000Z,"Did you know """" can mean ""suspended"" in Korean?  It's a powerful word that can describe everything from a phone call to a bridge!","#ì„œìŠ¤íœë””ë“œ, #KoreanLanguage, #FunFacts"
Language Loop,2025-04-17T01:23:03.000Z,"save your spot in our newest korean sessions for complete beginners 

meet us in the west loop: 117 north jefferson street 60661

*private, customized courses also available for any level (online or in-person)","#koreanlanguage, #koreanclasses, #learnkorean, #koreanschool, #kdrama"
Langma School of Languages,2025-01-22T03:30:00.000Z,"Want to work with global brands? Proficiency in Korean opens doors to companies like Hybe, CJ Group, and Kakao!","#GlobalCareers, #KoreanLanguage, #KoreanLanguage, #KoreanForBusiness, #LanguageIsPower, #KoreanInfluence, #InternationalJobs"
Language Loop,2024-12-06T15:58:57.000Z,learn to speak korean in the west loop of chicago! most weekday mornings also available this december  call or text 312-837-9012  for pricing.,"#studykorean, #koreanlessons, #learnkorean, #koreanlanguage, #koreanschool, #kdrama, #kpop, #kbeauty, #languagelearning, #chicago, #westlooo"
Manipur University,2024-10-09T06:41:27.000Z,"The 5th Hangeul Day Celebration   
 9th & 10th October 2024
 Venue: Court Hall, Manipur University  

Organized by the Dept of Korean Language, 

Come join us in celebrating the beauty of Hangeul!","#ManipurUniversity, #HangeulDay2024, #KoreanLanguage, #CulturalCelebration"
CDream,2024-07-12T15:33:27.000Z,"Hey 
@koreanlanguage
 K4GEBOOP here literally taught me the Korean language and I think she deserves a follow :)",
palparklibrary,2024-09-27T20:05:47.000Z,"Korean Language Classes on Zoom!
â€¢Beginners ~ Starts: October 9
â€¢Intermediate ~ Starts: October 7
â€¢Advanced ~ Starts: October 8
Register:
email: lim.park@palisadespark.bccls.org
phone: 201.585.4150 ext: 203","#KoreanLanguage, #LearnKorean, #palisadesparkpubliclibary"
Korean Cultural Centre South Africa,2025-01-07T13:24:01.000Z,"Have you been learning Korean?
Don't miss this once-a-year opportunity to assess your skills and earn an official certificate from the Korean governmentâ€™s standardized test!

 Read more at https://sa.korean-culture.org/en/1533/board/1206/read/135259â€¦.","#KCCSA, #KoreanLanguage, #TOPIK"
@MelbAsiaReview,2024-11-13T19:43:04.000Z,"What happens to the community/heritage language of Koreans living their dream of a quiet and laid-back lifestyle in regional and remote areas of ? asks Sin Ji Jung,  
@ArtsUniMelb
.

 

READhttps://go.unimelb.edu.au/cp98","#Australia, #AsiaInstitute, #Koreanlanguage"
palparklibrary,2025-01-31T18:08:52.000Z,"Explore Korean Language Programs for Adults at the library! Contact Lim Park for details and registration: 
email: lim.park@palisadespark.bccls.org or call 201-585-4150.","#koreanlanguage, #palisadesparknj, #palisadesparkpubliclibary, #bccls, #bcclslibraries"
Academia Mag,2024-08-08T18:28:52.000Z,"In 2024, learning Korean  has become increasingly relevant and advantageous for various reasons. As â€™s influence grows globally in economic, , and technological spheres, mastering the  offers a multitude of benefits.
The benefits of learning","#language, #Korea, #cultural, #KoreanLanguage"
Koreanisches Kulturzentrum,2025-02-06T10:44:05.000Z,"Die erste Ausgabe des Korea Webzines ist erschienen! 1ì›” ì›¹ì§„ì´ ë°œí–‰ë˜ì—ˆìŠµë‹ˆë‹¤ 

https://kocis.go.kr/eng/webzine/202501/index.htmlâ€¦","#korea, #koreawebzine, #hangeul, #koreanlanguage, #kculture, #koreanculture, #kultur"
á´®á´± ì§€ì ¤ â· Korean Language Teacher (í•œêµ­ì–´ ì„ ìƒë‹˜),2024-05-14T07:28:59.000Z,"[1 on 1 Online Korean Language Class]
Regular Rate: 1,000PHP per hr (minimum 3hrs to avail)
**PROMO**
40hrs: 32,500PHP (approx 800PHP/hr) [7,500PHP OFF]

MOD: PayPal, Debit/Credit Card, Gcash, BPI

DM me to inquire/avail","#koreanclass, #koreanlanguage, #privatekoreanclass"
Korean Cultural Centre South Africa,2024-11-04T13:26:08.000Z,"ğ™‚ğ™¤ğ™¤ğ™™ ğ™—ğ™®ğ™š, ğ™ˆğ™¨. ğ™†ğ™ğ™¢! (2/2)

Last Saturday, 2 November, we had such an emotional day as we gathered to bid farewell to our dearest Korean language teacher, Ms. Kim Ji-young.","#KCCSA, #KoreanLanguage, #KSI, #ì„¸ì¢…í•™ë‹¹"
KELLY HILL TONE,2024-12-03T12:52:29.000Z,íŒ”ë¡œì›Œë“¤ì˜ ì§ˆë¬¸ì— ë‹µë³€í•´ë“œë ¤ìš”  I answer followers' questions,"#í•œêµ­ì–´, #í•œêµ­ì–´ê³µë¶€, #í•œêµ­ë§, #í•œêµ­, #ìŒì•…ì¶”ì²œ, #ì¸í„°ë·°, #koreanspeaking, #koreanlanguage, #kellyhilltone"
ã‚Šã¤ã“,2025-02-16T19:43:10.000Z,"ä»Šæ—¥ã‚‚ãƒ•ã‚¡ã‚¤ãƒˆ
éŸ“å›½èªå‹•è©ç†Ÿèªã€Œë–¨ë‹¤ã€ã®å…¥ã‚‹ãƒ•ãƒ¬ãƒ¼ã‚º  ã€€ã€€ã€€ã€€ã€€ã€€ã€€ã€€ã€€ã€€ã€€ã€€ã€€ã€€ã€€ã€€ã€€ã€€ã€€ã€€ - YouTube","#Shorts, #éŸ“å›½èª, #éŸ“å›½èªå˜èª, #korean, #koreanlanguage"
ã‚Šã¤ã“,2025-02-15T10:49:41.000Z,"çŸ­ã„æ™‚é–“ã‚’åˆ©ç”¨ã—ã¦å¾©ç¿’
éŸ“å›½èªå‹•è©ç†Ÿèªã€Œë§ë‹¤ã€ã®å…¥ã‚‹ãƒ•ãƒ¬ãƒ¼ã‚º  ã€€ã€€ã€€ã€€ã€€ã€€ã€€ã€€ã€€ã€€ã€€ã€€ã€€ã€€ã€€ã€€ã€€ã€€ã€€ã€€ - YouTube","#Shorts, #éŸ“å›½èª, #éŸ“å›½èªå˜èª, #korean, #koreanlanguage"
Vijayavani Digital,2025-02-25T12:34:03.000Z,à²¨à²¨à³à²¨à³‡à²•à³† à²ˆ à²°à³€à²¤à²¿ à²¨à³‹à²¡à³à²¤à²¿à²¯à²¾? à²¨à²¾à²¨à²‚à²¦à³à²°à³† à²‡à²·à³à²Ÿà²¾à²¨à²¾? à²­à²¾à²°à²¤à³€à²¯ à²µà³à²¯à²•à³à²¤à²¿ à²•à³Šà²Ÿà³à²Ÿ à²‰à²¤à³à²¤à²°à²•à³à²•à³† à²•à³Šà²°à²¿à²¯à²¨à³ à²¯à³à²µà²¤à²¿ à²¶à²¾à²•à³! Korean woman,"#Koreanwoman, #IndianMan, #Koreanlanguage, #ViralVideo, #KannadaNews"
BH Lingual Institute,2024-10-01T14:24:15.000Z,"More than a few students choose the  in the hope of better appreciating the works of their favorite  stars

Next term â†’ the week of Oct 28.
Beginner's Korean online
 Tue @ 6 PM

Reserve your spot @ http://bhlingual.com

  since '96","#KoreanLanguage, #KPOP, #LearnKorean, #BHLingual"
Language Loop,2025-03-05T14:46:54.000Z,"learn  with us! you won't regret studying with our amazing instructor 

in-person scheduling options are weekdays from 9am-2pm + online has more evening and weekend availability

for more details, call or text:  312-837-9012","#korean, #koreanlanguage, #koreanclasses, #learnkorean"
Techday Asia,2024-11-21T19:54:02.000Z,"Dow Jones has introduced its first AI-driven Korean Language Service, aimed at improving access to real-time financial news for South Korea's business community.","#Finance, #KoreanLanguage, #AI, #DowJones, #SouthKorea"
BH Lingual Institute,2024-06-25T23:00:59.000Z,"Students of the  can take heart that, unlike Chinese, spoken Korean exhibits very little if any variation in pitch and has no accented syllables.

More: http://bhlingual.com/blog

  since '96","#DidYouKnow, #KoreanLanguage, #LearnKorean, #BHLingual, #BeverlyHills, #learning, #onlineclass"
Korean Cultural Centre South Africa,2024-10-07T13:18:59.000Z,"ğ—ğ—¼ğ—¿ğ—²ğ—®ğ—» ğ—Ÿğ—®ğ—»ğ—´ğ˜‚ğ—®ğ—´ğ—² ğ—•ğ—®ğ˜€ğ—¶ğ—° ğ—–ğ—¼ğ˜‚ğ—¿ğ˜€ğ—² - November 2024

Have you been wanting to learn Korean?
Here we have a 4-week FREE basic course for beginners!

 Learn more at https://sa.korean-culture.org/en/1532/board/1205/read/132671â€¦.","#KCCSA, #KoreanLanguage, #KSI, #ì„¸ì¢…í•™ë‹¹"
0vy12,2024-11-02T14:48:20.000Z,"éŸ“å›½ã®é£Ÿå ‚ã§çµ¶å¯¾ã«ä½¿ãˆã‚‹è¡¨ç¾ï¼ #éŸ“å›½èª#éŸ“å›½èªä¼šè©±#éŸ“å›½èªè¬›åº§     https://youtube.com/shorts/IGNizbc1f9A?si=VO9QJwz-mWT7bLs_â€¦ 
@YouTube
ã‚ˆã‚Š","#shorts, #koreanlanguage, #éŸ“å›½èªæ–‡æ³•, #korean, #é›‘å­¦"
Yun's Korean Lesson,2024-09-26T14:29:07.000Z,"éŸ“å›½äººã¯ã€Œå‘†ã‚ŒãŸæ™‚ã€æ¬¡ã®è¡¨ç¾ã‚’é‡ã­ã¦ä½¿ã„ã¾ã™ã€‚

â‘  ì–´ì´ê°€ ì—†ë‹¤
â‘¡ í™©ë‹¹í•˜ë‹¤
â‘¢ ê¸°ê°€ ë§‰íˆë‹¤

ã¿ãªã•ã‚“ã‚‚ä¸€ç·’ã«ä½¿ã£ã¦ã¿ã¦ãã ã•ã„ã€‚","#éŸ“å›½èª, #éŸ“å›½èªå‹‰å¼·, #éŸ“å›½èªå­¦ç¿’, #kdrama, #koreanlanguage, #learningkorean"
Colombo Times,2025-04-20T05:14:06.000Z,"à¶šà·œà¶»à·’à¶ºà·à¶±à·” à¶·à·à·‚à· à¶´à¶»à·“à¶šà·Šà·‚à¶±à¶ºà·š à¶¯à·’à¶± à·€à·™à¶±à·ƒà·Š à·€à·™à¶ºà·’

READ MORE >>>https://colombotimes.lk/sinhala/Korean-language-test-dates-changed-2025-04-20.htmlâ€¦

 ğ—™ğ—¢ğ—Ÿğ—Ÿğ—¢ğ—ª ğ—¢ğ—¨ğ—¥ ğ—ªğ—›ğ—”ğ—§ğ—¦ğ—”ğ—£ğ—£ ğ—–ğ—›ğ—”ğ—¡ğ—¡ğ—˜ğ—Ÿ: https://whatsapp.com/channel/0029Va4FLZB3wtbGOt5xP921â€¦","#colombotimes, #colombotimesnews, #test, #Koreanlanguage"
Syllad,2024-10-25T05:31:48.000Z,NEHU to offer Korean language programs following MoU with IKBCC,"#NEHU, #IKBCC, #KoreanLanguage, #EastAsianStudies"
Korean Cultural Centre South Africa,2025-02-27T12:11:16.000Z,"ğ—ğ—¦ğ—œ ğ—ğ—¼ğ—¿ğ—²ğ—®ğ—» ğ—Ÿğ—®ğ—»ğ—´ğ˜‚ğ—®ğ—´ğ—² ğ—–ğ—¹ğ—®ğ˜€ğ˜€ğ—²ğ˜€ ğŸ®ğŸ¬ğŸ®ğŸ± - TERM 1

Ever wanted to understand K-dramas without subtitles? Nowâ€™s your chance! 

 Learn more at https://sa.korean-culture.org/en/1532/board/1205/read/135977â€¦.","#KCCSA, #KoreanLanguage, #KSI, #KingSejongInsitute"
@MelbAsiaReview,2024-11-07T02:22:38.000Z,"There is a surge in Korean language learning in Australia and around the world. But there are low retention rates from beginner levels. Why? asks Min Jung Jee, 
@KoreanUQ
, @HASSUQ 

READhttps://go.unimelb.edu.au/vm98",#Koreanlanguage
@MelbAsiaReview,2024-11-21T20:01:17.000Z,"learning is regarded as a â€˜dutyâ€™ , but what about those who experience barriers to learning such as visual impairment? A/Prof Nam-wook Kang, 
@SKKU_1398
READhttps://go.unimelb.edu.au/wh98","#Koreanlanguage, #SouthKorea"
ã‚Šã¤ã“,2025-02-24T19:43:03.000Z,"ä»Šæ—¥ã‚‚ãƒ•ã‚¡ã‚¤ãƒˆ
héŸ“å›½èªå‹•è©ç†Ÿèªã€Œë“¤ë‹¤ã€ã®å…¥ã‚‹ãƒ•ãƒ¬ãƒ¼ã‚º  ã€€ã€€ã€€ã€€ã€€ã€€ã€€ã€€ã€€ã€€ã€€ã€€ã€€ã€€ã€€ã€€ã€€ã€€ã€€ã€€ - YouTube","#Shorts, #éŸ“å›½èª, #éŸ“å›½èªå˜èª, #korean, #koreanlanguage"
KCG College of Tech.,2024-10-18T11:33:53.000Z,"At KCG Tech, we are excited to offer Korean and Japanese language courses designed to equip students with the skills needed to thrive in the global marketplace.","#KCGCollege, #foreignlanguages, #learnjapanese, #learnkorean, #koreanlanguage, #japaneselanguage, #globaleducation"
ã‚Šã¤ã“,2025-03-04T19:44:53.000Z,"ä»Šæ—¥ã‚‚ãƒ•ã‚¡ã‚¤ãƒˆ
éŸ“å›½èªå‹•è©ç†Ÿèªã€Œë¨¹ë‹¤ã€ã®å…¥ã‚‹ãƒ•ãƒ¬ãƒ¼ã‚º  ã€€ã€€ã€€ã€€ã€€ã€€ã€€ã€€ã€€ã€€ã€€ã€€ã€€ã€€ã€€ã€€ã€€ã€€ã€€ã€€ - YouTube","#Shorts, #éŸ“å›½èª, #éŸ“å›½èªå˜èª, #korean, #koreanlanguage"
VoiceMonk Studio,2024-01-09T04:30:07.000Z,"We are quite pleased with our experience with Korean Translation Services because it means we have become experts in our area.
Contact us now:
 +91 8700295007
 https://bit.ly/3iXYCwY","#koreanlanguage, #translation, #translationagency, #proofreading, #delhi, #voicemonk"
Vijayavani Digital,2024-05-15T09:25:44.000Z,"à²¬à²¾à²²à²¿à²µà³à²¡à³à²—à²¿à²‚à²¤ à²•à³Šà²°à²¿à²¯à²¨à³ à²šà²¿à²¤à³à²°à²—à²³à³ à²šà³†à²¨à³à²¨à²¾à²—à²¿à²°à³à²¤à³à²¤à²µà³†, à²ˆ à²ªà²¦ à²•à²‚à²¡à²°à³† à²¨à²¨à²—à³† à²†à²—à³à²µà³à²¦à²¿à²²à³à²²: à²¹à²¿à²°à²¿à²¯ à²¨à²Ÿ à²¹à³€à²—à²‚à²¦à²¿à²¦à³à²¯à²¾à²•à³†","#bollywood, #senioractor, #hindifilm, #koreanlanguage, #entertainment, #Vijayavani, #VijayavaniNews"
@humanity,2025-03-11T14:44:15.000Z,"#testyourknowledgehttps://youtu.be/CZfAKCGN6jc?si=fVQqHrb9KVcraBDv via 
@YouTube","#EverydayKorean, #learnkorean, #KoreanEssentials, #koreanlanguage, #korean, #quiz, #games, #koreanlanguage, #viralvideo, #trending, #viralvideos, #languagelearning"
Reno Yanuar,2025-02-23T04:49:58.000Z,'Destroyed' surnames - The Korea Times https://koreatimes.co.kr/www/nation/2025/02/638_272851.htmlâ€¦,#KoreanLanguage
Aprende Coreano Paso a Paso,2025-02-26T00:55:18.000Z,"í•œêµ­ì–´ ë§í•˜ê¸° ì—°ìŠµ 1

1ê°• ê¸°ë³¸ ì¸ì‚¬ë§: Clase 1 Saludos BÃ¡sicos

Haz clic el enlace para ver el video gratis https://youtu.be/U7a4XUf08ro","#coreano, #culturacoreana, #kpop, #idiomacoreano, #learnkorean, #koreanculture, #kdrama, #korean, #corea, #koreanconversarion, #koreanlanguage"
University of Toronto Press,2024-01-18T15:00:56.000Z,"With classroom-tested lessons, New Generation Korean Advanced will guide students to effective and efficient learning of the  language and an appreciation of Korean culture.

Read an excerpt: http://bit.ly/3Rtjdvm","#Korean, #LearnKorean, #SecondLanguageTeaching, #KoreanLanguage"
Northeast Media Hub,2024-10-24T13:52:09.000Z,"NEHU to offer Korean language course from 2025; Khasi & Hindi to be taught in Korean institutions 

  

https://hubnetwork.in/nehu-to-offer-korean-language-course-from-2025-khasi-hindi-to-be-taught-in-korean-institutions/â€¦ via 
@Hub
 News","#newsupdates, #NEHU, #KoreanLanguage"
Ø£Ø®Ø¨Ø§Ø± Ø§Ù„ÙƒÙŠØ¨ÙˆØ¨ ÙˆØ§Ù„Ø¯Ø±Ø§Ù…Ø§ Ø§Ù„ÙƒÙˆØ±ÙŠØ©,2024-01-24T22:33:41.000Z,ØªØ¹Ù„Ù… Ø§Ù„Ù‡Ø§Ù†ØºÙˆÙ„ (Ø§Ù„Ù„ØºØ© Ø§Ù„ÙƒÙˆØ±ÙŠØ©) Ù…Ù† Ø®Ù„Ø§Ù„ Ø§Ù„Ù…ÙˆØ³ÙŠÙ‚Ù‰: Ø§Ù„Ø£ØºØ§Ù†ÙŠ Ø§Ù„ØªÙŠ ØªØ°ÙƒØ± Ø£Ø¬Ø²Ø§Ø¡ Ø§Ù„Ø¬Ø³Ù… Ø¨Ø§Ù„Ù„ØºØ© Ø§Ù„ÙƒÙˆØ±ÙŠØ© - Ø£Ø±Ø§ Ø£ÙˆØ¨Ø§ https://araoppa.com/10367/%d8%aa%d8%b9%d9%84%d9%85-%d8%a7%d9%84%d9%87%d8%a7%d9%86%d8%ba%d9%88%d9%84-%d8%a7%d9%84%d9%84%d8%ba%d8%a9-%d8%a7%d9%84%d9%83%d9%88%d8%b1%d9%8a%d8%a9-%d9%85%d9%86-%d8%ae%d9%84%d8%a7%d9%84-%d8%a7%d9%84â€¦,"#Korean, #Hangul, #Kpop, #Koreanlanguage, #Ù‡Ø§Ù†ØºÙˆÙ„"
